Model,Training Score,Testing Score
XGBoost,0.9606920250540636,0.6784921922515138
Gradient Boosting,0.8874355520689791,0.6750846262370657
Random Forest,0.9788198517664217,0.6482581297680512
Extra Trees,1.0,0.6221594744548047
SGD,0.46297758919291476,0.2973625817180747
Linear Regression,0.5381614930805529,0.26332653815097684
Elastic Net,0.15966303070498866,0.14975336379961135
